Dart,2018年01月,259
Dart,2018年02月,371
Dart,2018年03月,1328
Dart,2018年04月,1189
Dart,2018年05月,1413
Dart,2018年06月,1533
Dart,2018年07月,1897
Dart,2018年08月,1968
Dart,2018年09月,1986
Dart,2018年10月,2205
Dart,2018年01月,259
Dart,2018年02月,371
Dart,2018年03月,1328
Dart,2018年04月,1189
Dart,2018年05月,1413
Dart,2018年06月,1533
Dart,2018年07月,1897
Dart,2018年08月,1968
Dart,2018年09月,1986
Dart,2018年10月,2205
Dart,2018年11月,2232
Dart,2018年12月,3810
Dart,2019年01月,4551
Dart,2019年02月,3970
Dart,2019年03月,5329
Dart,2019年04月,5325
Dart,2019年05月,6647
Dart,2019年06月,7387
Dart,2019年07月,8186
Dart,2019年08月,7960
Dart,2019年09月,8506
Dart,2019年10月,9089
Dart,2019年11月,0
Dart,2019年12月,0
Kotlin,2018年01月,4593
Kotlin,2018年02月,5054
Kotlin,2018年03月,6142
Kotlin,2018年04月,5914
Kotlin,2018年05月,6289
Kotlin,2018年06月,5904
Kotlin,2018年07月,6649
Kotlin,2018年08月,6398
Kotlin,2018年09月,7132
Kotlin,2018年10月,8032
Kotlin,2018年11月,8515
Kotlin,2018年12月,7724
Kotlin,2019年01月,7842
Kotlin,2019年02月,7633
Kotlin,2019年03月,9630
Kotlin,2019年04月,10076
Kotlin,2019年05月,10942
Kotlin,2019年06月,10332
Kotlin,2019年07月,10840
Kotlin,2019年08月,12021
Kotlin,2019年09月,13732
Kotlin,2019年10月,15088
Kotlin,2019年11月,0
Kotlin,2019年12月,0
Java,2018年01月,128983
Java,2018年02月,123113
Java,2018年03月,154631
Java,2018年04月,147432
Java,2018年05月,146337
Java,2018年06月,129140
Java,2018年07月,130251
Java,2018年08月,134282
Java,2018年09月,150745
Java,2018年10月,168654
Java,2018年11月,163062
Java,2018年12月,142488
Java,2019年01月,145417
Java,2019年02月,139825
Java,2019年03月,176676
Java,2019年04月,166410
Java,2019年05月,165158
Java,2019年06月,147843
Java,2019年07月,153859
Java,2019年08月,148988
Java,2019年09月,171592
Java,2019年10月,171815
Java,2019年11月,0
Java,2019年12月,0
